<?xml version="1.0" encoding="UTF-8"?>
<project-private xmlns="http://www.netbeans.org/ns/project-private/1">
    <editor-bookmarks xmlns="http://www.netbeans.org/ns/editor-bookmarks/2" lastBookmarkId="0"/>
    <open-files xmlns="http://www.netbeans.org/ns/projectui-open-files/2">
        <group>
            <file>file:/E:/Praktikum%20PBO/PBB/src/pbb/Rumus.java</file>
            <file>file:/E:/Praktikum%20PBO/PBB/src/pbb/Tanah.java</file>
            <file>file:/E:/Praktikum%20PBO/PBB/src/pbb/Edit.java</file>
            <file>file:/E:/Praktikum%20PBO/PBB/src/pbb/Bangunan.java</file>
            <file>file:/E:/Praktikum%20PBO/PBB/src/pbb/PBB.java</file>
            <file>file:/E:/Praktikum%20PBO/PBB/src/pbb/Pajak.java</file>
        </group>
    </open-files>
</project-private>
