<?xml version="1.0" encoding="UTF-8"?>
<project-private xmlns="http://www.netbeans.org/ns/project-private/1">
    <editor-bookmarks xmlns="http://www.netbeans.org/ns/editor-bookmarks/2" lastBookmarkId="0"/>
    <open-files xmlns="http://www.netbeans.org/ns/projectui-open-files/2">
        <group>
            <file>file:/E:/Praktikum%20PBO/Komputer/src/komputer/Mouse.java</file>
            <file>file:/E:/Praktikum%20PBO/Komputer/src/komputer/Komputer.java</file>
            <file>file:/E:/Praktikum%20PBO/Komputer/src/komputer/Laptop.java</file>
            <file>file:/E:/Praktikum%20PBO/Komputer/src/komputer/KomputerCetak.java</file>
            <file>file:/E:/Praktikum%20PBO/Komputer/src/komputer/Keyboard.java</file>
            <file>file:/E:/Praktikum%20PBO/Komputer/src/komputer/Printer.java</file>
            <file>file:/E:/Praktikum%20PBO/Komputer/src/komputer/PC.java</file>
            <file>file:/E:/Praktikum%20PBO/Komputer/src/komputer/Netbook.java</file>
        </group>
    </open-files>
</project-private>
