<?xml version="1.0" encoding="UTF-8"?>
<project-private xmlns="http://www.netbeans.org/ns/project-private/1">
    <editor-bookmarks xmlns="http://www.netbeans.org/ns/editor-bookmarks/2" lastBookmarkId="0"/>
    <open-files xmlns="http://www.netbeans.org/ns/projectui-open-files/2">
        <group>
            <file>file:/E:/Praktikum%20PBO/OperasiBilangan/src/operasibilangan/OperasiBilangan.java</file>
            <file>file:/E:/Praktikum%20PBO/OperasiBilangan/src/operasibilangan/OperasiBilanganCetak.java</file>
            <file>file:/E:/Praktikum%20PBO/OperasiBilangan/src/operasibilangan/OperasiPenjumlahan.java</file>
            <file>file:/E:/Praktikum%20PBO/OperasiBilangan/src/operasibilangan/OperasiPembagian.java</file>
            <file>file:/E:/Praktikum%20PBO/OperasiBilangan/src/operasibilangan/OperasiPerkalian.java</file>
            <file>file:/E:/Praktikum%20PBO/OperasiBilangan/src/operasibilangan/OperasiPengurangan.java</file>
        </group>
    </open-files>
</project-private>
